coherence_vol,coherence_ret
0.9999999999991271,-0.7619047619040968
